﻿Designator,Quantity,Value,Footprint,Package,MPN,DNP,Mount_Type,Description,Sim.Device,Sim.Pins
"C1, C2, C3",3,22n 630V,C_Rect_L13.0mm_W4.0mm_P10.00mm_FKS3_FKP3_MKS4,,1928-MKS4J022203C00KSSD-ND,,tht,,,
C4,1,47u 350V,CP_Radial_D12.5mm_P5.00mm,,493-4839-1-ND,,tht,Polarized capacitor,,
C5,1,100n 450V,C_Rect_L18.0mm_W8.0mm_P15.00mm_FKS3_FKP3,,399-12597-ND,,tht,Unpolarized capacitor,,
"C6, C7",2,10u 63V,CP_Radial_D5.0mm_P2.50mm,,399-18269-1-ND,,tht,Polarized capacitor,,
C8,1,10u 150V,CP_Radial_D8.0mm_P3.50mm,,493-12828-1-ND ,,tht,Polarized capacitor,,
"D1, D3",2,UF4007,D_DO-35_SOD27_P2.54mm_Vertical_AnodeUp,,4878-UF4007CT-ND,,tht,Diode,D,1=K 2=A
D2,1,BZX84C10,D_A-405_P7.62mm_Horizontal,,1514-1N4104TRPBFREECT-ND,,tht,Zener diode,,
H1,1,MountingHole_Pad,MountingHole_3.2mm_M3_Pad_Via,,,,tht,,,
"H2, H3, H4",3,MountingHole,MountingHole_3.2mm_M3,,,,tht,,,
J1,1,SignalIn,SolderWire-0.5sqmm_1x01_D0.9mm_OD2.1mm,,,,tht,"Generic connector, single row, 01x01, script generated",,
"J10, J9",2,GND,SolderWire-0.5sqmm_1x01_D0.9mm_OD2.1mm,,,,tht,"Generic connector, single row, 01x01, script generated",,
J11,1,BiasHT,SolderWire-0.5sqmm_1x01_D0.9mm_OD2.1mm,,,,tht,"Generic connector, single row, 01x01, script generated",,
J12,1,HEle,SolderWire-0.5sqmm_1x01_D0.9mm_OD2.1mm,,,,tht,"Generic connector, single row, 01x01, script generated",,
J2,1,GNDA,SolderWire-0.5sqmm_1x01_D0.9mm_OD2.1mm,,,,tht,"Generic connector, single row, 01x01, script generated",,
J3,1,HTin,SolderWire-0.5sqmm_1x01_D0.9mm_OD2.1mm,,,,tht,"Generic connector, single row, 01x01, script generated",,
J4,1,GridA,SolderWire-0.5sqmm_1x01_D0.9mm_OD2.1mm,,,,tht,"Generic connector, single row, 01x01, script generated",,
J5,1,GridB,SolderWire-0.5sqmm_1x01_D0.9mm_OD2.1mm,,,,tht,"Generic connector, single row, 01x01, script generated",,
J6,1,HTout,SolderWire-0.5sqmm_1x01_D0.9mm_OD2.1mm,,,,tht,"Generic connector, single row, 01x01, script generated",,
J7,1,CathodeA,SolderWire-0.5sqmm_1x01_D0.9mm_OD2.1mm,,,,tht,"Generic connector, single row, 01x01, script generated",,
J8,1,CathodeB,SolderWire-0.5sqmm_1x01_D0.9mm_OD2.1mm,,,,tht,"Generic connector, single row, 01x01, script generated",,
Q1,1,LND150,TO-92_HandSolder,,LND150N3-G-ND,,tht,,,
R1,1,470k,R_Axial_DIN0207_L6.3mm_D2.5mm_P7.62mm_Horizontal_TC,,1712-LR1F470KCT-ND,,tht,,,
R10,1,10k,R_Axial_DIN0207_L6.3mm_D2.5mm_P7.62mm_Horizontal_TC,,A105947CT-ND,,tht,Resistor,,
"R11, R13",2,100k,R_Axial_DIN0207_L6.3mm_D2.5mm_P7.62mm_Horizontal_TC,,A105945CT-ND,,tht,Resistor,,
R12,1,100k 2W,R_Axial_DIN0309_L9.0mm_D3.2mm_P12.70mm_Horizontal,,A131612CT-ND,,tht,,,
R14,1,33k,R_Axial_DIN0207_L6.3mm_D2.5mm_P7.62mm_Horizontal_TC,,1712-LR1F33KCT-ND,,tht,,,
"R17, R18",2,1r 1%,R_Axial_DIN0207_L6.3mm_D2.5mm_P7.62mm_Horizontal_TC,,1712-LR1F1R0CT-ND,,tht,Resistor,,
R2,1,1Meg,R_Axial_DIN0207_L6.3mm_D2.5mm_P7.62mm_Horizontal_TC,,A105954CT-ND,,tht,,,
"R3, R5",2,68k,R_Axial_DIN0207_L6.3mm_D2.5mm_P7.62mm_Horizontal_TC,,1712-LR1F68KCT-ND,,tht,,,
R4,1,47k 2W,R_Axial_DIN0309_L9.0mm_D3.2mm_P5.08mm_Vertical,,A138333CT-ND,,tht,Resistor,,
"R6, R7",2,220k,R_Axial_DIN0207_L6.3mm_D2.5mm_P7.62mm_Horizontal_TC,,1712-LR1F220KCT-ND,,tht,,,
R8,1,1k 2W,R_Axial_DIN0309_L9.0mm_D3.2mm_P12.70mm_Horizontal,,A138277CT-ND,,tht,,,
R9,1,1.5Meg,R_Axial_DIN0207_L6.3mm_D2.5mm_P7.62mm_Horizontal_TC,,BC3622CT-ND,,tht,,,
RV1,1,10k lin,Potentiometer_Bourns_3296X_Horizontal,,3296X-503LF-ND,,tht,Trim-potentiometer,,
"TP1, TP2, TP3",3,TestPoint,TestPoint_Keystone_5005-5009_Compact,,,,tht,test point,,
