﻿pos_x,pos_y,rotation,side,designator,mpn,pack,footprint,value,mount_type
149.098,-49.59,-90.0,top,C1,1928-MKS4J022203C00KSSD-ND,,C_Rect_L13.0mm_W4.0mm_P10.00mm_FKS3_FKP3_MKS4,22n 630V,tht
160.02,-31.195,-90.0,top,C2,1928-MKS4J022203C00KSSD-ND,,C_Rect_L13.0mm_W4.0mm_P10.00mm_FKS3_FKP3_MKS4,22n 630V,tht
155.067,-57.15,90.0,top,C3,1928-MKS4J022203C00KSSD-ND,,C_Rect_L13.0mm_W4.0mm_P10.00mm_FKS3_FKP3_MKS4,22n 630V,tht
191.4,-55.9,90.0,top,C4,493-4839-1-ND,,CP_Radial_D12.5mm_P5.00mm,47u 350V,tht
206.883,-60.96,90.0,top,C5,399-12597-ND,,C_Rect_L18.0mm_W8.0mm_P15.00mm_FKS3_FKP3,100n 450V,tht
198.501,-34.479113,90.0,top,C6,399-18269-1-ND,,CP_Radial_D5.0mm_P2.50mm,10u 63V,tht
190.881,-44.385113,90.0,top,C7,399-18269-1-ND,,CP_Radial_D5.0mm_P2.50mm,10u 63V,tht
151.765,-34.544,180.0,top,C8,493-12828-1-ND ,,CP_Radial_D8.0mm_P3.50mm,10u 150V,tht
200.787,-50.8,90.0,top,D1,4878-UF4007CT-ND,,D_DO-35_SOD27_P2.54mm_Vertical_AnodeUp,UF4007,tht
172.085,-55.499,180.0,top,D2,1514-1N4104TRPBFREECT-ND,,D_A-405_P7.62mm_Horizontal,BZX84C10,tht
199.898,-37.719,180.0,top,D3,4878-UF4007CT-ND,,D_DO-35_SOD27_P2.54mm_Vertical_AnodeUp,UF4007,tht
168.91,-50.292,180.0,top,Q1,LND150N3-G-ND,,TO-92_HandSolder,LND150,tht
172.593,-37.719,-90.0,top,R1,1712-LR1F470KCT-ND,,R_Axial_DIN0207_L6.3mm_D2.5mm_P7.62mm_Horizontal_TC,470k,tht
193.548,-31.242,180.0,top,R10,A105947CT-ND,,R_Axial_DIN0207_L6.3mm_D2.5mm_P7.62mm_Horizontal_TC,10k,tht
193.548,-34.544,180.0,top,R11,A105945CT-ND,,R_Axial_DIN0207_L6.3mm_D2.5mm_P7.62mm_Horizontal_TC,100k,tht
176.911,-61.214,90.0,top,R12,A131612CT-ND,,R_Axial_DIN0309_L9.0mm_D3.2mm_P12.70mm_Horizontal,100k 2W,tht
203.073,-32.004,-90.0,top,R13,A105945CT-ND,,R_Axial_DIN0207_L6.3mm_D2.5mm_P7.62mm_Horizontal_TC,100k,tht
155.956,-35.941,-90.0,top,R14,1712-LR1F33KCT-ND,,R_Axial_DIN0207_L6.3mm_D2.5mm_P7.62mm_Horizontal_TC,33k,tht
179.324,-37.719,-90.0,top,R17,1712-LR1F1R0CT-ND,,R_Axial_DIN0207_L6.3mm_D2.5mm_P7.62mm_Horizontal_TC,1r 1%,tht
182.626,-37.719,-90.0,top,R18,1712-LR1F1R0CT-ND,,R_Axial_DIN0207_L6.3mm_D2.5mm_P7.62mm_Horizontal_TC,1r 1%,tht
163.068,-51.943,90.0,top,R2,A105954CT-ND,,R_Axial_DIN0207_L6.3mm_D2.5mm_P7.62mm_Horizontal_TC,1Meg,tht
166.243,-37.719,-90.0,top,R3,1712-LR1F68KCT-ND,,R_Axial_DIN0207_L6.3mm_D2.5mm_P7.62mm_Horizontal_TC,68k,tht
200.406,-58.928,90.0,top,R4,A138333CT-ND,,R_Axial_DIN0309_L9.0mm_D3.2mm_P5.08mm_Vertical,47k 2W,tht
159.766,-51.943,90.0,top,R5,1712-LR1F68KCT-ND,,R_Axial_DIN0207_L6.3mm_D2.5mm_P7.62mm_Horizontal_TC,68k,tht
176.022,-37.719,-90.0,top,R6,1712-LR1F220KCT-ND,,R_Axial_DIN0207_L6.3mm_D2.5mm_P7.62mm_Horizontal_TC,220k,tht
168.529,-60.198,180.0,top,R7,1712-LR1F220KCT-ND,,R_Axial_DIN0207_L6.3mm_D2.5mm_P7.62mm_Horizontal_TC,220k,tht
180.848,-61.214,90.0,top,R8,A138277CT-ND,,R_Axial_DIN0309_L9.0mm_D3.2mm_P12.70mm_Horizontal,1k 2W,tht
169.418,-37.719,-90.0,top,R9,BC3622CT-ND,,R_Axial_DIN0207_L6.3mm_D2.5mm_P7.62mm_Horizontal_TC,1.5Meg,tht
207.518,-38.608,-90.0,top,RV1,3296X-503LF-ND,,Potentiometer_Bourns_3296X_Horizontal,10k lin,tht
172.339,-32.766,0.0,top,TP1,,,TestPoint_Keystone_5005-5009_Compact,TestPoint,tht
181.61,-32.766,0.0,top,TP2,,,TestPoint_Keystone_5005-5009_Compact,TestPoint,tht
176.911,-32.766,0.0,top,TP3,,,TestPoint_Keystone_5005-5009_Compact,TestPoint,tht
